employee_id,work_location,work_country,business_unit,department,designation,band
1001,Building 8,Nigeria,BU1,Operations,Director,A55
1002,Building 10,India,BU2,Sales,Senior Developer,A45
1003,Building 9,China,BU5,HR,Developer,A45
1004,Building 10,Mexico,BU5,Marketing,Lead Developer,A40
1005,Building 1,France,BU1,IT,Lead Developer,A30
1006,Building 10,Japan,BU1,Marketing,Senior Manager,A35
1007,Building 8,Japan,BU5,Technology,Director,A35
1008,Building 2,Canada,BU5,HR,Developer,A30
1009,Building 2,Kenya,BU4,Customer Support,Director,A35
1010,Building 3,India,BU1,Finance,Manager,A30
1011,Building 10,China,BU5,Operations,Senior Manager,A45
1012,Building 8,Kenya,BU2,Technology,Senior Manager,A40
1013,Building 4,USA,BU5,Technology,Developer,A45
1014,Building 3,Germany,BU6,Technology,Senior Developer,A45
1015,Building 10,France,BU6,HR,Senior Developer,A30
1016,Building 6,South Africa,BU6,HR,Director,A30
1017,Building 1,Argentina,BU4,HR,Senior Manager,A30
1018,Building 5,Nigeria,BU4,Finance,Senior Developer,A40
1019,Building 4,South Africa,BU1,IT,Vice President,A40
1020,Building 4,USA,BU4,Technology,Director,A30
1021,Building 3,Australia,BU2,Procurements,Director,A30
1022,Building 2,India,BU2,Operations,Senior Developer,A40
1023,Building 7,Nigeria,BU3,IT,Senior Manager,A50
1024,Building 9,China,BU5,Marketing,Director,A50
1025,Building 6,South Africa,BU6,Customer Support,Director,A55
1026,Building 2,Canada,BU2,IT,Director,A35
1027,Building 3,Australia,BU6,Technology,Developer,A35
1028,Building 10,Mexico,BU4,IT,Developer,A35
1029,Building 6,USA,BU4,Customer Support,Senior Developer,A55
1030,Building 10,Brazil,BU5,Procurements,Senior Developer,A45
1031,Building 6,Canada,BU2,Procurements,Lead Developer,A35
1032,Building 6,Japan,BU2,Finance,Vice President,A40
1033,Building 10,Mexico,BU1,Customer Support,Manager,A50
1034,Building 9,Brazil,BU1,HR,Lead Developer,A50
1035,Building 8,USA,BU1,Sales,Lead Developer,A45
1036,Building 3,India,BU3,Sales,Developer,A45
1037,Building 2,Mexico,BU2,IT,Manager,A55
1038,Building 7,Japan,BU1,Marketing,Lead Developer,A40
1039,Building 6,USA,BU2,Technology,Director,A35
1040,Building 7,USA,BU5,Customer Support,Lead Developer,A50
1041,Building 5,Argentina,BU6,Operations,Senior Manager,A40
1042,Building 6,Japan,BU6,IT,Vice President,A30
1043,Building 5,China,BU2,HR,Lead Developer,A30
1044,Building 2,Mexico,BU4,Marketing,Senior Manager,A35
1045,Building 8,France,BU5,IT,Senior Manager,A30
1046,Building 7,South Africa,BU6,IT,Manager,A55
1047,Building 9,Germany,BU5,Finance,Vice President,A55
1048,Building 2,India,BU1,Operations,Senior Developer,A35
1049,Building 5,Nigeria,BU1,IT,Lead Developer,A50
1050,Building 8,Mexico,BU6,Finance,Senior Manager,A45
1051,Building 8,USA,BU2,HR,Developer,A30
1052,Building 10,India,BU2,Operations,Manager,A35
1053,Building 7,Canada,BU4,HR,Manager,A55
1054,Building 4,USA,BU4,Finance,Developer,A45
1055,Building 7,Australia,BU6,Marketing,Developer,A55
1056,Building 4,Australia,BU6,IT,Lead Developer,A50
1057,Building 10,Japan,BU3,Procurements,Senior Developer,A40
1058,Building 3,USA,BU6,Customer Support,Developer,A30
1059,Building 1,India,BU3,Sales,Developer,A40
1060,Building 1,India,BU2,IT,Developer,A45
1061,Building 8,UK,BU2,IT,Senior Manager,A45
1062,Building 2,Germany,BU2,Procurements,Senior Manager,A30
1063,Building 1,USA,BU1,Customer Support,Lead Developer,A40
1064,Building 6,China,BU3,Procurements,Developer,A40
1065,Building 7,Japan,BU3,Technology,Senior Manager,A35
1066,Building 5,Japan,BU5,Procurements,Vice President,A30
1067,Building 3,Brazil,BU6,Technology,Manager,A30
1068,Building 3,Brazil,BU1,Procurements,Senior Developer,A35
1069,Building 6,USA,BU1,Procurements,Senior Developer,A30
1070,Building 9,Canada,BU3,Sales,Vice President,A45
1071,Building 6,Brazil,BU2,Procurements,Lead Developer,A45
1072,Building 3,South Africa,BU3,Finance,Lead Developer,A55
1073,Building 2,USA,BU4,Sales,Developer,A40
1074,Building 9,Germany,BU6,Technology,Senior Manager,A45
1075,Building 3,UK,BU3,Customer Support,Developer,A50
1076,Building 4,India,BU3,Finance,Manager,A40
1077,Building 3,Japan,BU5,HR,Vice President,A35
1078,Building 1,USA,BU5,Procurements,Director,A55
1079,Building 10,Mexico,BU5,Sales,Lead Developer,A55
1080,Building 4,UK,BU5,Procurements,Lead Developer,A45
1081,Building 7,Australia,BU1,Technology,Vice President,A30
1082,Building 6,Brazil,BU5,Operations,Director,A30
1083,Building 4,UK,BU1,Operations,Senior Developer,A30
1084,Building 6,South Africa,BU6,Marketing,Lead Developer,A35
1085,Building 10,France,BU4,Customer Support,Senior Developer,A40
1086,Building 4,Nigeria,BU5,Sales,Senior Manager,A40
1087,Building 3,Nigeria,BU6,Marketing,Vice President,A35
1088,Building 2,China,BU2,Procurements,Senior Developer,A35
1089,Building 6,China,BU5,HR,Developer,A55
1090,Building 8,UK,BU1,Operations,Senior Developer,A55
1091,Building 10,Australia,BU2,Finance,Senior Developer,A40
1092,Building 3,Canada,BU4,Operations,Lead Developer,A50
1093,Building 10,Brazil,BU1,IT,Lead Developer,A35
1094,Building 10,Japan,BU4,Customer Support,Senior Developer,A45
1095,Building 5,Nigeria,BU2,Operations,Developer,A40
1096,Building 4,Mexico,BU3,Finance,Developer,A40
1097,Building 1,France,BU1,Operations,Senior Developer,A40
1098,Building 9,Japan,BU5,Finance,Developer,A35
1099,Building 5,India,BU6,Customer Support,Vice President,A50
1100,Building 2,UK,BU2,Sales,Senior Developer,A30
1101,Building 3,USA,BU1,Finance,Manager,A50
1102,Building 1,Germany,BU4,Procurements,Manager,A50
1103,Building 1,Kenya,BU2,Customer Support,Senior Manager,A40
1104,Building 7,France,BU1,Sales,Vice President,A30
1105,Building 3,Brazil,BU5,IT,Senior Developer,A55
1106,Building 3,Argentina,BU4,Technology,Vice President,A45
1107,Building 8,China,BU3,Marketing,Senior Developer,A35
1108,Building 3,Argentina,BU5,Marketing,Director,A50
1109,Building 7,UK,BU4,Technology,Senior Developer,A30
1110,Building 7,Brazil,BU2,HR,Manager,A50
1111,Building 4,Argentina,BU6,Finance,Senior Developer,A50
1112,Building 9,Germany,BU1,Procurements,Manager,A45
1113,Building 9,Nigeria,BU3,Operations,Senior Manager,A35
1114,Building 4,Australia,BU1,Marketing,Manager,A45
1115,Building 3,India,BU4,Marketing,Senior Developer,A35
1116,Building 4,Brazil,BU4,Technology,Senior Manager,A35
1117,Building 8,UK,BU6,Technology,Director,A40
1118,Building 9,Argentina,BU4,Operations,Director,A40
1119,Building 8,USA,BU6,HR,Senior Developer,A50
1120,Building 10,UK,BU2,Sales,Senior Manager,A40
1121,Building 10,UK,BU3,Finance,Senior Developer,A40
1122,Building 5,Canada,BU1,Finance,Manager,A40
1123,Building 3,Germany,BU3,Marketing,Senior Manager,A30
1124,Building 10,Mexico,BU2,IT,Lead Developer,A30
1125,Building 8,South Africa,BU1,Customer Support,Manager,A55
1126,Building 9,Australia,BU1,Customer Support,Senior Developer,A40
1127,Building 10,Japan,BU1,Technology,Senior Developer,A40
1128,Building 2,South Africa,BU2,IT,Lead Developer,A55
1129,Building 1,Kenya,BU4,IT,Manager,A45
1130,Building 10,Germany,BU6,Sales,Developer,A30
1131,Building 10,China,BU3,Customer Support,Senior Developer,A30
1132,Building 7,Argentina,BU2,HR,Manager,A55
1133,Building 9,Kenya,BU3,Finance,Senior Developer,A50
1134,Building 9,India,BU1,Finance,Lead Developer,A50
1135,Building 7,India,BU6,IT,Manager,A50
1136,Building 5,Argentina,BU6,IT,Senior Developer,A55
1137,Building 5,UK,BU6,Customer Support,Developer,A55
1138,Building 10,Mexico,BU2,Marketing,Vice President,A35
1139,Building 5,Mexico,BU5,Technology,Vice President,A35
1140,Building 6,Australia,BU6,Operations,Senior Developer,A55
1141,Building 7,Kenya,BU5,IT,Vice President,A45
1142,Building 9,Australia,BU1,IT,Director,A50
1143,Building 5,France,BU1,Customer Support,Senior Manager,A45
1144,Building 3,France,BU5,Operations,Manager,A35
1145,Building 9,China,BU6,IT,Lead Developer,A30
1146,Building 6,Mexico,BU5,IT,Manager,A35
1147,Building 9,Argentina,BU4,Marketing,Lead Developer,A50
1148,Building 3,Brazil,BU2,Customer Support,Director,A40
1149,Building 4,Brazil,BU3,Technology,Senior Manager,A35
1150,Building 10,France,BU1,Marketing,Senior Developer,A35
1151,Building 1,India,BU3,Marketing,Vice President,A55
1152,Building 5,France,BU2,Technology,Developer,A35
1153,Building 8,Nigeria,BU1,Operations,Director,A40
1154,Building 9,UK,BU5,Technology,Vice President,A40
1155,Building 5,South Africa,BU4,Operations,Senior Developer,A45
1156,Building 10,Japan,BU3,Sales,Lead Developer,A40
1157,Building 3,USA,BU3,IT,Lead Developer,A45
1158,Building 9,UK,BU4,Marketing,Manager,A35
1159,Building 5,India,BU4,IT,Vice President,A50
1160,Building 10,Brazil,BU2,Procurements,Director,A55
1161,Building 2,India,BU1,HR,Senior Developer,A35
1162,Building 7,USA,BU2,IT,Developer,A45
1163,Building 2,Argentina,BU1,Procurements,Senior Developer,A45
1164,Building 1,Nigeria,BU5,HR,Senior Developer,A50
1165,Building 4,USA,BU5,Customer Support,Developer,A50
1166,Building 6,Brazil,BU1,Marketing,Vice President,A45
1167,Building 10,Japan,BU1,Operations,Senior Manager,A50
1168,Building 3,Nigeria,BU4,Finance,Lead Developer,A40
1169,Building 9,France,BU5,IT,Developer,A50
1170,Building 5,South Africa,BU1,Marketing,Vice President,A50
1171,Building 10,Argentina,BU2,Sales,Developer,A55
1172,Building 2,Japan,BU1,HR,Director,A45
1173,Building 1,Japan,BU1,Finance,Director,A40
1174,Building 1,South Africa,BU5,Marketing,Director,A50
1175,Building 2,Argentina,BU1,Procurements,Senior Developer,A30
1176,Building 3,France,BU2,IT,Senior Manager,A50
1177,Building 10,UK,BU6,Customer Support,Senior Manager,A50
1178,Building 4,Australia,BU2,Sales,Manager,A40
1179,Building 10,USA,BU2,Technology,Manager,A45
1180,Building 2,Argentina,BU4,Customer Support,Lead Developer,A55
1181,Building 8,Brazil,BU2,HR,Lead Developer,A30
1182,Building 4,South Africa,BU4,Marketing,Director,A30
1183,Building 7,Canada,BU3,Finance,Developer,A30
1184,Building 5,Argentina,BU4,IT,Developer,A40
1185,Building 4,UK,BU6,HR,Lead Developer,A35
1186,Building 9,USA,BU2,Marketing,Senior Manager,A35
1187,Building 7,China,BU5,Procurements,Lead Developer,A40
1188,Building 3,Germany,BU6,HR,Lead Developer,A30
1189,Building 9,USA,BU6,Customer Support,Senior Manager,A40
1190,Building 2,Germany,BU5,HR,Senior Developer,A50
1191,Building 6,USA,BU5,IT,Vice President,A50
1192,Building 5,Germany,BU5,Operations,Director,A50
1193,Building 4,France,BU6,IT,Senior Developer,A55
1194,Building 6,France,BU1,Sales,Vice President,A50
1195,Building 9,Mexico,BU6,Procurements,Developer,A35
1196,Building 9,Canada,BU4,Technology,Senior Manager,A40
1197,Building 4,Germany,BU1,Sales,Developer,A35
1198,Building 10,Canada,BU6,Customer Support,Senior Developer,A50
1199,Building 8,Canada,BU1,Finance,Vice President,A50
1200,Building 10,Brazil,BU1,Operations,Developer,A50
1201,Building 5,Brazil,BU3,Marketing,Developer,A50
1202,Building 7,Australia,BU5,IT,Lead Developer,A45
1203,Building 2,India,BU3,Marketing,Director,A50
1204,Building 7,Argentina,BU2,Customer Support,Manager,A45
1205,Building 4,Kenya,BU1,Marketing,Director,A55
1206,Building 5,Argentina,BU5,Technology,Manager,A40
1207,Building 3,USA,BU2,Procurements,Senior Manager,A30
1208,Building 4,China,BU6,Sales,Developer,A40
1209,Building 7,UK,BU4,Marketing,Vice President,A35
1210,Building 7,Brazil,BU3,Operations,Developer,A40
1211,Building 2,Mexico,BU1,Customer Support,Vice President,A45
1212,Building 7,USA,BU3,Marketing,Vice President,A45
1213,Building 4,Argentina,BU6,HR,Lead Developer,A55
1214,Building 1,Brazil,BU2,Customer Support,Senior Manager,A55
1215,Building 3,Germany,BU3,Operations,Director,A40
1216,Building 7,India,BU5,HR,Senior Manager,A30
1217,Building 2,Argentina,BU4,Finance,Developer,A45
1218,Building 6,Canada,BU4,HR,Director,A55
1219,Building 9,South Africa,BU2,Customer Support,Senior Manager,A35
1220,Building 1,UK,BU6,HR,Manager,A40
1221,Building 7,Mexico,BU4,Procurements,Senior Manager,A50
1222,Building 6,Mexico,BU6,Marketing,Developer,A40
1223,Building 8,Kenya,BU5,Sales,Senior Developer,A30
1224,Building 5,Nigeria,BU2,Sales,Senior Manager,A45
1225,Building 4,India,BU4,Operations,Senior Developer,A50
1226,Building 6,Canada,BU3,Procurements,Director,A45
1227,Building 2,Argentina,BU2,HR,Senior Developer,A30
1228,Building 1,USA,BU4,HR,Director,A55
1229,Building 4,Australia,BU4,Procurements,Director,A40
1230,Building 6,Brazil,BU3,Operations,Senior Developer,A30
1231,Building 8,USA,BU5,Technology,Senior Manager,A30
1232,Building 10,South Africa,BU5,Operations,Vice President,A30
1233,Building 2,Germany,BU6,Marketing,Lead Developer,A45
1234,Building 8,South Africa,BU4,Technology,Lead Developer,A40
1235,Building 3,China,BU1,Sales,Director,A40
1236,Building 8,UK,BU6,Operations,Senior Developer,A55
1237,Building 4,Australia,BU3,Sales,Senior Developer,A50
1238,Building 2,Brazil,BU3,Customer Support,Vice President,A55
1239,Building 4,China,BU5,HR,Senior Manager,A45
1240,Building 4,Argentina,BU4,IT,Director,A40
1241,Building 6,Australia,BU1,Sales,Director,A50
1242,Building 10,China,BU3,Technology,Manager,A45
1243,Building 1,China,BU4,Technology,Manager,A30
1244,Building 4,Kenya,BU3,Procurements,Developer,A55
1245,Building 7,Brazil,BU5,Marketing,Senior Developer,A55
1246,Building 4,Kenya,BU5,Sales,Senior Developer,A55
1247,Building 1,Canada,BU1,Operations,Senior Manager,A40
1248,Building 1,Australia,BU6,IT,Developer,A50
1249,Building 8,Australia,BU4,Sales,Director,A35
1250,Building 7,USA,BU6,IT,Senior Developer,A40
1251,Building 1,Brazil,BU5,Customer Support,Director,A40
1252,Building 10,Brazil,BU3,Operations,Vice President,A50
1253,Building 2,Canada,BU4,Customer Support,Senior Manager,A35
1254,Building 7,Australia,BU3,Marketing,Developer,A55
1255,Building 3,Kenya,BU4,HR,Director,A50
1256,Building 5,Japan,BU4,Procurements,Developer,A35
1257,Building 3,UK,BU3,Operations,Lead Developer,A30
1258,Building 5,UK,BU5,Marketing,Manager,A35
1259,Building 10,Nigeria,BU5,Sales,Developer,A40
1260,Building 9,UK,BU5,Customer Support,Senior Manager,A50
1261,Building 3,China,BU4,Marketing,Director,A30
1262,Building 2,China,BU2,HR,Vice President,A30
1263,Building 4,Japan,BU4,IT,Lead Developer,A30
1264,Building 4,South Africa,BU4,HR,Developer,A40
1265,Building 8,India,BU3,Operations,Manager,A50
1266,Building 7,Brazil,BU6,Customer Support,Developer,A50
1267,Building 9,Japan,BU1,Sales,Vice President,A30
1268,Building 4,Mexico,BU1,Marketing,Developer,A35
1269,Building 9,Nigeria,BU3,Procurements,Developer,A30
1270,Building 6,France,BU1,Finance,Senior Manager,A55
1271,Building 5,Argentina,BU3,IT,Lead Developer,A45
1272,Building 9,USA,BU3,IT,Senior Developer,A55
1273,Building 3,Australia,BU4,Operations,Lead Developer,A30
1274,Building 3,South Africa,BU6,Procurements,Vice President,A30
1275,Building 7,Argentina,BU4,Customer Support,Senior Manager,A35
1276,Building 7,France,BU1,Operations,Manager,A35
1277,Building 8,Brazil,BU5,HR,Lead Developer,A50
1278,Building 6,Argentina,BU6,Finance,Lead Developer,A55
1279,Building 4,Australia,BU6,Technology,Senior Developer,A30
1280,Building 5,Kenya,BU3,Sales,Vice President,A45
1281,Building 5,Japan,BU3,Technology,Director,A30
1282,Building 3,Australia,BU2,HR,Manager,A50
1283,Building 6,Japan,BU2,Finance,Lead Developer,A40
1284,Building 5,China,BU2,Technology,Senior Developer,A30
1285,Building 4,France,BU2,Operations,Senior Manager,A35
1286,Building 1,Australia,BU4,Customer Support,Lead Developer,A35
1287,Building 1,France,BU1,Finance,Director,A55
1288,Building 5,Japan,BU3,Customer Support,Lead Developer,A50
1289,Building 2,China,BU3,Procurements,Senior Developer,A35
1290,Building 3,Nigeria,BU2,IT,Lead Developer,A35
1291,Building 1,USA,BU1,IT,Lead Developer,A45
1292,Building 6,Kenya,BU3,Procurements,Vice President,A30
1293,Building 10,South Africa,BU1,Marketing,Lead Developer,A50
1294,Building 5,Argentina,BU4,Marketing,Director,A45
1295,Building 4,France,BU6,Customer Support,Director,A50
1296,Building 7,Mexico,BU2,HR,Director,A40
1297,Building 3,China,BU3,Technology,Director,A40
1298,Building 8,USA,BU4,Customer Support,Lead Developer,A35
1299,Building 5,China,BU2,Finance,Senior Developer,A50
1300,Building 10,India,BU4,HR,Vice President,A45
1301,Building 9,Mexico,BU1,HR,Vice President,A50
1302,Building 3,Canada,BU6,Customer Support,Senior Developer,A30
1303,Building 8,UK,BU2,Marketing,Director,A55
1304,Building 10,Australia,BU4,IT,Manager,A40
1305,Building 5,USA,BU5,Technology,Director,A40
1306,Building 9,Kenya,BU6,IT,Manager,A30
1307,Building 3,USA,BU5,Finance,Vice President,A55
1308,Building 5,Canada,BU5,Technology,Senior Manager,A30
1309,Building 2,India,BU2,IT,Manager,A55
1310,Building 7,Canada,BU1,Technology,Senior Developer,A30
1311,Building 2,Nigeria,BU5,Procurements,Manager,A35
1312,Building 3,Kenya,BU3,Sales,Vice President,A30
1313,Building 6,Australia,BU4,Marketing,Vice President,A55
1314,Building 8,Australia,BU6,IT,Lead Developer,A35
1315,Building 6,USA,BU4,IT,Senior Manager,A50
1316,Building 10,France,BU2,HR,Senior Developer,A55
1317,Building 8,France,BU1,Procurements,Manager,A45
1318,Building 7,South Africa,BU3,Customer Support,Vice President,A30
1319,Building 4,France,BU6,IT,Vice President,A35
1320,Building 7,Kenya,BU4,Procurements,Senior Developer,A30
1321,Building 10,Kenya,BU1,Sales,Manager,A30
1322,Building 5,Kenya,BU2,IT,Senior Manager,A45
1323,Building 2,France,BU6,Technology,Lead Developer,A40
1324,Building 8,India,BU4,Operations,Vice President,A35
1325,Building 8,Kenya,BU1,Sales,Developer,A40
1326,Building 7,China,BU6,Technology,Developer,A55
1327,Building 9,Germany,BU1,HR,Senior Developer,A50
1328,Building 3,France,BU4,Technology,Manager,A35
1329,Building 4,Mexico,BU6,HR,Developer,A50
1330,Building 7,China,BU1,Finance,Director,A45
1331,Building 10,Kenya,BU5,HR,Director,A30
1332,Building 8,South Africa,BU2,Procurements,Vice President,A50
1333,Building 7,Argentina,BU5,Procurements,Senior Manager,A35
1334,Building 9,India,BU5,Operations,Vice President,A30
1335,Building 5,Canada,BU2,Customer Support,Director,A35
1336,Building 3,Nigeria,BU2,IT,Vice President,A50
1337,Building 5,Brazil,BU1,Finance,Director,A50
1338,Building 6,Japan,BU1,Technology,Senior Developer,A50
1339,Building 6,Kenya,BU6,Marketing,Director,A50
1340,Building 8,South Africa,BU6,Finance,Senior Developer,A45
1341,Building 4,Brazil,BU5,Marketing,Developer,A45
1342,Building 2,Canada,BU1,Sales,Senior Manager,A50
1343,Building 6,Nigeria,BU1,HR,Developer,A45
1344,Building 8,France,BU6,Operations,Lead Developer,A55
1345,Building 3,Brazil,BU1,HR,Manager,A55
1346,Building 5,India,BU6,Operations,Manager,A35
1347,Building 3,UK,BU1,Procurements,Director,A35
1348,Building 5,Kenya,BU5,Procurements,Director,A30
1349,Building 7,Germany,BU2,IT,Senior Manager,A40
1350,Building 2,Argentina,BU2,Technology,Vice President,A55
1351,Building 1,UK,BU2,Operations,Manager,A35
1352,Building 7,USA,BU4,Sales,Senior Manager,A55
1353,Building 10,Mexico,BU3,IT,Vice President,A35
1354,Building 3,Argentina,BU3,Finance,Senior Manager,A35
1355,Building 9,Germany,BU5,IT,Director,A40
1356,Building 5,France,BU1,Customer Support,Director,A30
1357,Building 8,Japan,BU4,Procurements,Senior Manager,A50
1358,Building 8,China,BU3,Sales,Vice President,A40
1359,Building 3,Kenya,BU4,Procurements,Developer,A45
1360,Building 1,Mexico,BU5,Customer Support,Manager,A35
1361,Building 7,China,BU3,Marketing,Vice President,A30
1362,Building 10,France,BU3,Procurements,Lead Developer,A35
1363,Building 5,USA,BU5,IT,Senior Developer,A45
1364,Building 3,China,BU2,Sales,Manager,A55
1365,Building 5,Brazil,BU5,HR,Senior Manager,A45
1366,Building 6,Kenya,BU1,Operations,Developer,A35
1367,Building 2,UK,BU4,Procurements,Director,A55
1368,Building 4,Australia,BU5,Finance,Manager,A45
1369,Building 4,Argentina,BU5,HR,Manager,A35
1370,Building 1,France,BU5,Marketing,Lead Developer,A35
1371,Building 5,Argentina,BU1,HR,Director,A30
1372,Building 3,Australia,BU6,Procurements,Developer,A35
1373,Building 5,UK,BU5,Sales,Manager,A50
1374,Building 1,South Africa,BU1,Procurements,Director,A40
1375,Building 7,China,BU2,Operations,Director,A30
1376,Building 7,South Africa,BU6,Finance,Vice President,A55
1377,Building 2,France,BU1,Finance,Developer,A40
1378,Building 2,Nigeria,BU4,HR,Developer,A40
1379,Building 3,Germany,BU3,HR,Vice President,A55
1380,Building 3,South Africa,BU5,Marketing,Director,A40
1381,Building 3,USA,BU5,Finance,Senior Developer,A50
1382,Building 6,Japan,BU5,Procurements,Lead Developer,A35
1383,Building 3,Japan,BU3,Technology,Developer,A40
1384,Building 5,India,BU1,Finance,Developer,A50
1385,Building 1,Brazil,BU3,Procurements,Manager,A40
1386,Building 9,USA,BU2,Operations,Lead Developer,A35
1387,Building 4,China,BU4,HR,Developer,A50
1388,Building 3,India,BU3,Sales,Senior Developer,A45
1389,Building 5,France,BU5,Operations,Senior Manager,A35
1390,Building 9,Kenya,BU3,Marketing,Senior Developer,A40
1391,Building 9,Kenya,BU4,Finance,Senior Developer,A35
1392,Building 6,Kenya,BU6,Customer Support,Vice President,A35
1393,Building 1,Canada,BU6,HR,Senior Developer,A35
1394,Building 2,Nigeria,BU6,Procurements,Developer,A45
1395,Building 8,Mexico,BU5,Marketing,Director,A40
1396,Building 2,Mexico,BU2,Marketing,Manager,A50
1397,Building 3,Kenya,BU2,Procurements,Lead Developer,A30
1398,Building 2,Japan,BU2,Finance,Senior Manager,A30
1399,Building 5,Argentina,BU6,Marketing,Developer,A50
1400,Building 8,Australia,BU3,Sales,Director,A40
1401,Building 9,France,BU2,Operations,Senior Developer,A50
1402,Building 10,USA,BU4,Marketing,Manager,A55
1403,Building 9,France,BU2,Operations,Senior Manager,A35
1404,Building 8,Australia,BU2,IT,Developer,A50
1405,Building 3,Australia,BU1,Procurements,Developer,A45
1406,Building 1,UK,BU4,Marketing,Director,A40
1407,Building 2,Nigeria,BU2,Marketing,Manager,A40
1408,Building 8,Mexico,BU2,Procurements,Lead Developer,A35
1409,Building 5,Kenya,BU2,IT,Vice President,A50
1410,Building 2,Mexico,BU1,Operations,Vice President,A40
1411,Building 6,Kenya,BU1,Marketing,Developer,A40
1412,Building 1,India,BU3,IT,Senior Manager,A30
1413,Building 3,Canada,BU1,Operations,Developer,A40
1414,Building 4,Brazil,BU1,Marketing,Lead Developer,A50
1415,Building 5,India,BU4,Technology,Vice President,A45
1416,Building 1,South Africa,BU3,Technology,Manager,A55
1417,Building 4,Brazil,BU3,Procurements,Vice President,A30
1418,Building 3,Nigeria,BU4,Marketing,Vice President,A50
1419,Building 7,Australia,BU2,Procurements,Vice President,A40
1420,Building 5,Germany,BU3,Marketing,Senior Manager,A55
1421,Building 5,France,BU3,Customer Support,Director,A50
1422,Building 9,South Africa,BU6,Finance,Director,A40
1423,Building 6,Nigeria,BU6,Operations,Director,A45
1424,Building 1,Brazil,BU6,Customer Support,Senior Developer,A50
1425,Building 7,Japan,BU2,Procurements,Senior Manager,A50
1426,Building 6,Nigeria,BU6,Finance,Director,A45
1427,Building 5,China,BU5,IT,Director,A45
1428,Building 1,Brazil,BU4,Marketing,Senior Developer,A35
1429,Building 2,South Africa,BU1,Sales,Developer,A30
1430,Building 5,Canada,BU4,HR,Vice President,A30
1431,Building 9,India,BU4,Operations,Senior Developer,A55
1432,Building 4,South Africa,BU6,Marketing,Senior Developer,A50
1433,Building 1,Germany,BU1,Operations,Manager,A30
1434,Building 1,UK,BU1,Customer Support,Lead Developer,A45
1435,Building 7,Japan,BU6,Customer Support,Director,A55
1436,Building 1,Mexico,BU2,Customer Support,Senior Manager,A35
1437,Building 5,Mexico,BU3,Customer Support,Senior Manager,A45
1438,Building 9,Nigeria,BU1,Customer Support,Senior Developer,A45
1439,Building 9,India,BU4,HR,Director,A40
1440,Building 3,China,BU2,IT,Senior Developer,A30
1441,Building 1,Germany,BU2,Finance,Senior Developer,A55
1442,Building 3,Brazil,BU3,Procurements,Lead Developer,A45
1443,Building 9,India,BU5,Finance,Director,A50
1444,Building 7,USA,BU3,Finance,Vice President,A50
1445,Building 4,Japan,BU5,Procurements,Senior Manager,A45
1446,Building 1,India,BU6,Customer Support,Developer,A50
1447,Building 3,India,BU4,Sales,Developer,A55
1448,Building 3,Japan,BU2,Technology,Director,A55
1449,Building 5,Australia,BU2,Marketing,Director,A40
1450,Building 3,Canada,BU2,Procurements,Manager,A40
1451,Building 6,Kenya,BU2,Operations,Director,A40
1452,Building 4,Australia,BU2,Finance,Director,A45
1453,Building 9,USA,BU5,Sales,Director,A30
1454,Building 2,Germany,BU1,IT,Senior Manager,A50
1455,Building 9,France,BU6,Sales,Senior Developer,A35
1456,Building 6,Brazil,BU2,HR,Senior Manager,A35
1457,Building 4,India,BU6,Marketing,Senior Developer,A55
1458,Building 6,USA,BU5,Marketing,Director,A40
1459,Building 9,China,BU3,Procurements,Vice President,A45
1460,Building 1,Nigeria,BU5,Technology,Director,A45
1461,Building 4,Argentina,BU4,Customer Support,Developer,A35
1462,Building 5,Canada,BU2,Operations,Manager,A45
1463,Building 10,Japan,BU5,Technology,Vice President,A45
1464,Building 8,Canada,BU4,Sales,Director,A50
1465,Building 9,Argentina,BU5,Marketing,Developer,A30
1466,Building 5,Germany,BU6,Sales,Lead Developer,A50
1467,Building 2,Canada,BU3,Operations,Lead Developer,A50
1468,Building 2,UK,BU5,Customer Support,Senior Manager,A30
1469,Building 1,Argentina,BU6,HR,Director,A45
1470,Building 4,UK,BU6,Operations,Director,A45
1471,Building 3,Kenya,BU2,Technology,Director,A30
1472,Building 1,USA,BU3,Sales,Vice President,A55
1473,Building 9,Australia,BU6,IT,Director,A45
1474,Building 1,India,BU1,Operations,Lead Developer,A45
1475,Building 7,South Africa,BU1,Finance,Lead Developer,A40
1476,Building 3,UK,BU2,Sales,Senior Manager,A45
1477,Building 6,France,BU1,Marketing,Vice President,A55
1478,Building 5,Germany,BU5,Customer Support,Developer,A40
1479,Building 7,UK,BU6,Sales,Vice President,A30
1480,Building 5,UK,BU2,Customer Support,Senior Manager,A50
1481,Building 10,Argentina,BU3,Sales,Manager,A40
1482,Building 5,Australia,BU1,IT,Senior Manager,A40
1483,Building 1,India,BU5,Operations,Developer,A50
1484,Building 8,South Africa,BU5,HR,Lead Developer,A35
1485,Building 10,UK,BU6,Technology,Vice President,A45
1486,Building 10,Australia,BU3,Customer Support,Senior Manager,A40
1487,Building 1,Germany,BU5,Finance,Senior Manager,A55
1488,Building 8,Nigeria,BU6,Sales,Senior Developer,A30
1489,Building 1,South Africa,BU5,Technology,Manager,A50
1490,Building 2,Mexico,BU4,Technology,Vice President,A55
1491,Building 2,Australia,BU4,Technology,Lead Developer,A55
1492,Building 7,France,BU2,Marketing,Developer,A50
1493,Building 5,Mexico,BU1,Customer Support,Vice President,A35
1494,Building 7,USA,BU4,Procurements,Developer,A30
1495,Building 2,China,BU2,Customer Support,Developer,A45
1496,Building 3,France,BU3,Procurements,Vice President,A40
1497,Building 9,Argentina,BU1,Operations,Lead Developer,A35
1498,Building 3,Australia,BU2,HR,Senior Manager,A30
1499,Building 4,Canada,BU1,IT,Senior Manager,A45
1500,Building 2,Australia,BU5,Technology,Lead Developer,A55
1501,Building 2,South Africa,BU5,Sales,Manager,A40
1502,Building 9,USA,BU2,Procurements,Vice President,A45
1503,Building 4,Argentina,BU1,IT,Manager,A35
1504,Building 8,Argentina,BU1,Sales,Senior Developer,A35
1505,Building 1,South Africa,BU5,Customer Support,Director,A45
1506,Building 2,USA,BU2,IT,Senior Manager,A50
1507,Building 7,Japan,BU4,Sales,Lead Developer,A35
1508,Building 5,Kenya,BU4,Customer Support,Senior Manager,A55
1509,Building 1,India,BU4,Customer Support,Manager,A45
1510,Building 7,Japan,BU6,Marketing,Manager,A45
1511,Building 1,Mexico,BU4,HR,Senior Developer,A55
1512,Building 8,China,BU1,Customer Support,Vice President,A55
1513,Building 4,India,BU4,Sales,Lead Developer,A55
1514,Building 8,Brazil,BU4,Technology,Manager,A45
1515,Building 7,Mexico,BU6,Marketing,Senior Manager,A55
1516,Building 8,Mexico,BU5,HR,Director,A50
1517,Building 7,Canada,BU1,Marketing,Vice President,A45
1518,Building 7,Canada,BU3,Marketing,Senior Developer,A55
1519,Building 6,Kenya,BU4,Procurements,Lead Developer,A35
1520,Building 9,USA,BU6,HR,Vice President,A30
1521,Building 6,South Africa,BU4,Technology,Lead Developer,A40
1522,Building 10,China,BU6,IT,Lead Developer,A35
1523,Building 1,USA,BU1,Sales,Manager,A30
1524,Building 10,Argentina,BU4,Marketing,Senior Developer,A30
1525,Building 7,France,BU1,Finance,Vice President,A30
1526,Building 1,Japan,BU1,IT,Vice President,A55
1527,Building 8,South Africa,BU1,HR,Senior Developer,A35
1528,Building 5,Australia,BU3,Finance,Senior Manager,A55
1529,Building 8,India,BU3,Finance,Manager,A40
1530,Building 6,Argentina,BU2,Technology,Lead Developer,A40
1531,Building 4,Australia,BU3,Sales,Vice President,A40
1532,Building 5,Japan,BU1,IT,Manager,A55
1533,Building 5,Nigeria,BU3,Technology,Senior Manager,A45
1534,Building 5,Argentina,BU6,Operations,Director,A50
1535,Building 6,Nigeria,BU2,Customer Support,Vice President,A45
1536,Building 4,France,BU4,Finance,Manager,A50
1537,Building 1,South Africa,BU6,Customer Support,Developer,A45
1538,Building 10,Canada,BU1,Finance,Senior Manager,A55
1539,Building 9,Germany,BU2,Finance,Senior Manager,A30
1540,Building 7,Australia,BU5,Sales,Senior Developer,A55
1541,Building 10,China,BU5,Sales,Senior Developer,A45
1542,Building 10,China,BU2,Technology,Director,A55
1543,Building 6,Australia,BU4,Sales,Vice President,A45
1544,Building 7,Japan,BU4,IT,Lead Developer,A30
1545,Building 1,France,BU1,Finance,Vice President,A30
1546,Building 5,South Africa,BU6,IT,Developer,A40
1547,Building 10,Mexico,BU3,HR,Manager,A40
1548,Building 9,India,BU5,Customer Support,Lead Developer,A50
1549,Building 8,South Africa,BU6,Technology,Lead Developer,A50
1550,Building 4,Nigeria,BU3,Finance,Senior Developer,A50
1551,Building 2,Canada,BU6,HR,Manager,A55
1552,Building 8,India,BU3,Marketing,Lead Developer,A50
1553,Building 4,Canada,BU4,IT,Director,A55
1554,Building 10,Argentina,BU2,Marketing,Vice President,A35
1555,Building 10,Kenya,BU4,Finance,Vice President,A30
1556,Building 9,UK,BU2,Marketing,Senior Developer,A50
1557,Building 4,South Africa,BU3,Finance,Vice President,A45
1558,Building 9,Argentina,BU2,Operations,Vice President,A45
1559,Building 7,Mexico,BU2,Marketing,Director,A30
1560,Building 4,Mexico,BU3,IT,Director,A30
1561,Building 2,Canada,BU4,Operations,Senior Developer,A55
1562,Building 10,Canada,BU4,Marketing,Developer,A45
1563,Building 2,France,BU4,Procurements,Senior Developer,A45
1564,Building 3,Brazil,BU4,Finance,Senior Manager,A30
1565,Building 5,South Africa,BU1,Technology,Vice President,A55
1566,Building 4,Canada,BU4,Finance,Vice President,A50
1567,Building 9,UK,BU1,Procurements,Senior Manager,A55
1568,Building 2,Argentina,BU5,Technology,Developer,A30
1569,Building 9,Argentina,BU6,HR,Vice President,A50
1570,Building 9,Brazil,BU3,Finance,Director,A45
1571,Building 1,UK,BU1,Customer Support,Manager,A45
1572,Building 5,Australia,BU3,Customer Support,Lead Developer,A45
1573,Building 6,South Africa,BU5,Marketing,Manager,A35
1574,Building 7,Mexico,BU6,Marketing,Vice President,A30
1575,Building 7,Australia,BU3,Operations,Manager,A40
1576,Building 9,Brazil,BU1,Marketing,Vice President,A40
1577,Building 7,Canada,BU3,Operations,Senior Manager,A45
1578,Building 3,Germany,BU1,Operations,Developer,A45
1579,Building 10,South Africa,BU3,HR,Senior Manager,A40
1580,Building 8,India,BU5,HR,Lead Developer,A30
1581,Building 10,Germany,BU3,Procurements,Manager,A45
1582,Building 2,Japan,BU3,IT,Senior Manager,A55
1583,Building 2,USA,BU2,Customer Support,Director,A35
1584,Building 1,UK,BU5,HR,Manager,A55
1585,Building 2,Brazil,BU2,Finance,Director,A50
1586,Building 2,Nigeria,BU3,Marketing,Director,A45
1587,Building 5,Kenya,BU6,Marketing,Developer,A45
1588,Building 4,Japan,BU3,Procurements,Manager,A35
1589,Building 8,Japan,BU3,IT,Lead Developer,A40
1590,Building 4,Kenya,BU5,Technology,Vice President,A45
1591,Building 2,Canada,BU6,Finance,Senior Developer,A55
1592,Building 8,Canada,BU6,HR,Senior Manager,A45
1593,Building 9,Brazil,BU6,HR,Lead Developer,A50
1594,Building 7,Germany,BU5,Procurements,Senior Developer,A45
1595,Building 1,Argentina,BU6,IT,Vice President,A50
1596,Building 7,Nigeria,BU2,Customer Support,Senior Manager,A40
1597,Building 5,South Africa,BU6,Operations,Director,A30
1598,Building 5,Mexico,BU3,Sales,Senior Manager,A35
1599,Building 1,Australia,BU1,Marketing,Senior Developer,A35
1600,Building 4,UK,BU4,Customer Support,Senior Manager,A40
1601,Building 4,China,BU3,IT,Senior Developer,A35
1602,Building 2,Nigeria,BU3,Operations,Manager,A45
1603,Building 1,China,BU1,Sales,Director,A40
1604,Building 9,South Africa,BU1,Marketing,Vice President,A55
1605,Building 10,France,BU4,Sales,Senior Manager,A45
1606,Building 3,Mexico,BU3,Finance,Director,A40
1607,Building 6,India,BU2,Technology,Developer,A40
1608,Building 4,Nigeria,BU4,Procurements,Director,A55
1609,Building 7,Brazil,BU2,IT,Lead Developer,A55
1610,Building 5,India,BU3,Procurements,Senior Manager,A55
1611,Building 9,Japan,BU6,HR,Vice President,A50
1612,Building 10,Australia,BU3,Marketing,Senior Manager,A40
1613,Building 10,Nigeria,BU1,HR,Developer,A40
1614,Building 6,India,BU1,Customer Support,Vice President,A40
1615,Building 5,Argentina,BU1,Procurements,Vice President,A30
1616,Building 8,Canada,BU1,Procurements,Vice President,A40
1617,Building 2,Argentina,BU3,Procurements,Manager,A30
1618,Building 3,Nigeria,BU6,IT,Lead Developer,A45
1619,Building 2,Brazil,BU4,Customer Support,Developer,A35
1620,Building 3,Brazil,BU5,Sales,Lead Developer,A30
1621,Building 6,France,BU1,Procurements,Vice President,A30
1622,Building 7,India,BU2,Sales,Manager,A40
1623,Building 8,Australia,BU5,Technology,Developer,A45
1624,Building 1,USA,BU6,IT,Developer,A45
1625,Building 4,Australia,BU5,Marketing,Vice President,A50
1626,Building 3,Australia,BU4,Customer Support,Senior Manager,A50
1627,Building 10,Brazil,BU3,HR,Vice President,A50
1628,Building 2,Mexico,BU4,HR,Manager,A55
1629,Building 5,Germany,BU1,Customer Support,Manager,A30
1630,Building 8,Canada,BU2,Marketing,Developer,A55
1631,Building 7,India,BU1,Operations,Senior Developer,A45
1632,Building 7,Brazil,BU2,Customer Support,Senior Manager,A35
1633,Building 1,South Africa,BU4,Finance,Vice President,A35
1634,Building 8,Germany,BU2,Finance,Manager,A45
1635,Building 5,France,BU6,Sales,Developer,A40
1636,Building 3,Brazil,BU3,Finance,Lead Developer,A50
1637,Building 10,France,BU1,Procurements,Senior Developer,A40
1638,Building 10,Mexico,BU5,Sales,Vice President,A50
1639,Building 1,Brazil,BU2,Procurements,Lead Developer,A30
1640,Building 6,France,BU2,Sales,Director,A35
1641,Building 2,Argentina,BU1,Marketing,Vice President,A45
1642,Building 6,France,BU2,Sales,Vice President,A50
1643,Building 7,Germany,BU1,Marketing,Developer,A45
1644,Building 7,China,BU6,Operations,Manager,A45
1645,Building 10,UK,BU4,HR,Senior Manager,A50
1646,Building 1,India,BU2,Sales,Manager,A50
1647,Building 8,China,BU5,Operations,Vice President,A55
1648,Building 1,Germany,BU3,HR,Senior Manager,A30
1649,Building 9,Mexico,BU3,Sales,Lead Developer,A45
1650,Building 6,Canada,BU3,Finance,Lead Developer,A45
1651,Building 5,India,BU2,Customer Support,Senior Developer,A40
1652,Building 3,Nigeria,BU3,Marketing,Lead Developer,A40
1653,Building 3,India,BU5,HR,Senior Manager,A30
1654,Building 9,USA,BU6,Customer Support,Manager,A50
1655,Building 8,Argentina,BU6,Customer Support,Senior Manager,A50
1656,Building 1,Australia,BU6,IT,Lead Developer,A55
1657,Building 9,South Africa,BU5,Customer Support,Lead Developer,A45
1658,Building 8,UK,BU1,Operations,Senior Manager,A30
1659,Building 8,Brazil,BU2,Marketing,Lead Developer,A45
1660,Building 1,Germany,BU1,Technology,Senior Manager,A35
1661,Building 6,Argentina,BU6,Procurements,Senior Developer,A30
1662,Building 5,South Africa,BU5,Customer Support,Senior Developer,A35
1663,Building 5,Japan,BU1,Technology,Senior Developer,A40
1664,Building 3,France,BU2,Sales,Developer,A50
1665,Building 1,UK,BU4,Operations,Developer,A45
1666,Building 3,Kenya,BU3,Marketing,Developer,A45
1667,Building 4,Canada,BU1,Technology,Senior Developer,A40
1668,Building 10,Mexico,BU2,Procurements,Director,A30
1669,Building 10,Mexico,BU2,IT,Developer,A50
1670,Building 6,Japan,BU5,HR,Director,A35
1671,Building 1,Brazil,BU6,IT,Lead Developer,A30
1672,Building 9,Nigeria,BU2,Operations,Vice President,A50
1673,Building 10,USA,BU6,Marketing,Senior Developer,A45
1674,Building 5,USA,BU2,Operations,Manager,A55
1675,Building 8,Canada,BU1,Finance,Manager,A50
1676,Building 6,India,BU4,Operations,Vice President,A45
1677,Building 7,Australia,BU3,Customer Support,Developer,A55
1678,Building 8,Mexico,BU1,Operations,Director,A50
1679,Building 5,China,BU1,Operations,Senior Developer,A45
1680,Building 7,USA,BU6,Finance,Developer,A35
1681,Building 4,Japan,BU5,Finance,Director,A55
1682,Building 2,Germany,BU4,Procurements,Developer,A50
1683,Building 8,India,BU5,Procurements,Lead Developer,A50
1684,Building 9,Nigeria,BU6,Operations,Manager,A40
1685,Building 5,Canada,BU1,HR,Developer,A40
1686,Building 2,India,BU2,HR,Developer,A45
1687,Building 6,China,BU1,Finance,Lead Developer,A40
1688,Building 7,South Africa,BU4,Sales,Senior Developer,A45
1689,Building 6,Brazil,BU3,Finance,Director,A50
1690,Building 6,USA,BU4,Customer Support,Vice President,A40
1691,Building 8,France,BU6,Operations,Manager,A55
1692,Building 5,Canada,BU5,Marketing,Senior Manager,A45
1693,Building 10,Japan,BU1,IT,Vice President,A35
1694,Building 2,Brazil,BU2,HR,Developer,A35
1695,Building 5,USA,BU3,Marketing,Lead Developer,A50
1696,Building 3,Japan,BU3,Technology,Manager,A50
1697,Building 7,Germany,BU2,Procurements,Director,A55
1698,Building 5,Brazil,BU5,Operations,Manager,A45
1699,Building 4,India,BU1,Technology,Manager,A30
1700,Building 10,Japan,BU2,Operations,Manager,A50
1701,Building 4,France,BU6,Customer Support,Vice President,A50
1702,Building 9,Nigeria,BU3,Procurements,Senior Developer,A35
1703,Building 2,Mexico,BU5,Finance,Director,A40
1704,Building 5,Australia,BU5,Technology,Lead Developer,A50
1705,Building 8,Japan,BU1,HR,Lead Developer,A45
1706,Building 8,Nigeria,BU5,IT,Manager,A45
1707,Building 2,South Africa,BU5,Sales,Lead Developer,A40
1708,Building 1,Nigeria,BU2,HR,Vice President,A55
1709,Building 1,Australia,BU4,HR,Senior Developer,A45
1710,Building 7,France,BU1,Sales,Lead Developer,A30
1711,Building 8,South Africa,BU2,Finance,Senior Manager,A50
1712,Building 9,Germany,BU3,HR,Developer,A55
1713,Building 4,Argentina,BU5,HR,Manager,A45
1714,Building 7,Nigeria,BU4,IT,Senior Manager,A30
1715,Building 5,Mexico,BU3,Customer Support,Lead Developer,A40
1716,Building 4,China,BU4,IT,Director,A50
1717,Building 3,Argentina,BU3,IT,Senior Manager,A30
1718,Building 2,Mexico,BU2,Procurements,Developer,A45
1719,Building 10,Germany,BU1,Sales,Developer,A50
1720,Building 7,Australia,BU4,Finance,Manager,A35
1721,Building 6,Germany,BU4,Marketing,Director,A30
1722,Building 8,Japan,BU3,Finance,Director,A55
1723,Building 4,USA,BU2,Marketing,Director,A40
1724,Building 9,UK,BU6,Marketing,Director,A45
1725,Building 7,Australia,BU3,Operations,Director,A30
1726,Building 10,UK,BU3,Marketing,Developer,A50
1727,Building 1,Mexico,BU1,HR,Vice President,A45
1728,Building 2,South Africa,BU6,Technology,Director,A30
1729,Building 4,Argentina,BU4,Finance,Senior Developer,A30
1730,Building 7,Argentina,BU6,Finance,Senior Manager,A30
1731,Building 1,USA,BU6,HR,Developer,A50
1732,Building 4,India,BU6,HR,Developer,A35
1733,Building 8,Japan,BU1,Customer Support,Developer,A40
1734,Building 7,India,BU4,HR,Vice President,A55
1735,Building 9,Brazil,BU4,Operations,Vice President,A45
1736,Building 3,Kenya,BU5,HR,Senior Manager,A40
1737,Building 5,Germany,BU2,Marketing,Vice President,A50
1738,Building 9,France,BU3,Finance,Lead Developer,A35
1739,Building 9,China,BU6,Operations,Vice President,A30
1740,Building 10,India,BU3,Operations,Manager,A35
1741,Building 7,Canada,BU4,Sales,Senior Developer,A35
1742,Building 6,China,BU4,Procurements,Senior Developer,A50
1743,Building 10,Australia,BU1,HR,Vice President,A45
1744,Building 4,Brazil,BU3,Technology,Lead Developer,A45
1745,Building 4,Japan,BU2,Operations,Manager,A35
1746,Building 5,Canada,BU1,Sales,Director,A40
1747,Building 3,France,BU1,Customer Support,Senior Manager,A35
1748,Building 8,Nigeria,BU1,Procurements,Director,A30
1749,Building 3,Germany,BU2,Sales,Lead Developer,A50
1750,Building 7,Brazil,BU5,Customer Support,Lead Developer,A35
1751,Building 3,Nigeria,BU1,Operations,Manager,A55
1752,Building 5,France,BU3,Technology,Developer,A45
1753,Building 5,Mexico,BU6,Technology,Developer,A40
1754,Building 2,UK,BU6,Procurements,Vice President,A35
1755,Building 7,Japan,BU3,Sales,Director,A55
1756,Building 5,India,BU2,Marketing,Lead Developer,A30
1757,Building 9,Argentina,BU1,Sales,Vice President,A55
1758,Building 7,Australia,BU5,IT,Developer,A30
1759,Building 8,India,BU6,Technology,Lead Developer,A30
1760,Building 1,Mexico,BU4,HR,Senior Developer,A40
1761,Building 3,Nigeria,BU3,Finance,Senior Developer,A50
1762,Building 1,Nigeria,BU6,Finance,Senior Manager,A50
1763,Building 8,India,BU5,Customer Support,Senior Developer,A50
1764,Building 5,Brazil,BU1,Marketing,Senior Developer,A40
1765,Building 5,Germany,BU6,HR,Senior Developer,A40
1766,Building 5,USA,BU5,Marketing,Developer,A35
1767,Building 4,Japan,BU5,Marketing,Senior Developer,A55
1768,Building 5,France,BU4,Operations,Manager,A35
1769,Building 8,Germany,BU5,IT,Senior Manager,A55
1770,Building 8,USA,BU1,Finance,Director,A40
1771,Building 7,Nigeria,BU2,HR,Manager,A35
1772,Building 5,Argentina,BU3,IT,Senior Manager,A35
1773,Building 2,South Africa,BU5,Procurements,Senior Manager,A55
1774,Building 8,UK,BU2,Technology,Director,A50
1775,Building 5,France,BU4,Sales,Lead Developer,A45
1776,Building 7,Kenya,BU6,Marketing,Lead Developer,A45
1777,Building 8,China,BU6,Finance,Director,A55
1778,Building 5,Australia,BU2,Technology,Senior Manager,A40
1779,Building 9,Germany,BU2,Operations,Senior Developer,A40
1780,Building 9,Nigeria,BU1,Procurements,Senior Developer,A50
1781,Building 7,South Africa,BU2,IT,Developer,A40
1782,Building 6,India,BU4,Finance,Senior Manager,A40
1783,Building 5,Australia,BU4,Procurements,Developer,A55
1784,Building 10,Germany,BU1,Operations,Senior Manager,A55
1785,Building 7,Australia,BU1,HR,Vice President,A40
1786,Building 9,Japan,BU6,Sales,Director,A35
1787,Building 1,Nigeria,BU5,Finance,Manager,A40
1788,Building 9,Nigeria,BU5,Customer Support,Senior Developer,A45
1789,Building 5,France,BU1,Customer Support,Developer,A55
1790,Building 10,Japan,BU6,IT,Manager,A40
1791,Building 2,Germany,BU4,Technology,Director,A30
1792,Building 6,Argentina,BU2,HR,Developer,A50
1793,Building 9,USA,BU2,Sales,Senior Developer,A35
1794,Building 2,Mexico,BU3,Sales,Director,A45
1795,Building 3,South Africa,BU3,Technology,Lead Developer,A50
1796,Building 7,Australia,BU6,Customer Support,Senior Developer,A35
1797,Building 9,Nigeria,BU5,Procurements,Manager,A30
1798,Building 3,USA,BU5,IT,Developer,A30
1799,Building 10,UK,BU1,Operations,Developer,A50
1800,Building 3,South Africa,BU6,Customer Support,Developer,A30
1801,Building 1,Australia,BU4,Technology,Senior Manager,A55
1802,Building 3,Japan,BU4,Marketing,Lead Developer,A45
1803,Building 1,China,BU4,Sales,Vice President,A35
1804,Building 5,Kenya,BU1,Customer Support,Lead Developer,A30
1805,Building 3,UK,BU2,Customer Support,Vice President,A30
1806,Building 5,Kenya,BU6,Customer Support,Lead Developer,A45
1807,Building 8,Germany,BU2,Customer Support,Director,A40
1808,Building 9,Argentina,BU3,HR,Director,A50
1809,Building 4,France,BU6,HR,Director,A45
1810,Building 6,USA,BU5,Operations,Senior Manager,A50
1811,Building 10,Mexico,BU1,Marketing,Developer,A40
1812,Building 10,USA,BU6,IT,Director,A50
1813,Building 10,Japan,BU6,HR,Manager,A50
1814,Building 5,Australia,BU5,Customer Support,Manager,A50
1815,Building 10,Canada,BU1,Sales,Senior Developer,A30
1816,Building 2,USA,BU5,Operations,Manager,A45
1817,Building 7,Germany,BU3,Technology,Lead Developer,A50
1818,Building 1,South Africa,BU4,Technology,Developer,A50
1819,Building 6,Nigeria,BU5,Marketing,Senior Manager,A40
1820,Building 9,Australia,BU3,Operations,Manager,A35
1821,Building 6,UK,BU6,Customer Support,Senior Developer,A55
1822,Building 9,Nigeria,BU3,Finance,Director,A40
1823,Building 4,Argentina,BU6,Sales,Developer,A50
1824,Building 7,Germany,BU3,Procurements,Senior Developer,A45
1825,Building 9,Kenya,BU1,Finance,Vice President,A45
1826,Building 7,Brazil,BU5,Procurements,Manager,A45
1827,Building 4,Argentina,BU6,Procurements,Lead Developer,A55
1828,Building 1,USA,BU1,Procurements,Director,A45
1829,Building 9,Japan,BU4,Procurements,Manager,A30
1830,Building 3,Mexico,BU5,Technology,Senior Developer,A50
1831,Building 8,Mexico,BU4,Procurements,Director,A45
1832,Building 6,Kenya,BU4,Sales,Developer,A35
1833,Building 10,China,BU6,Sales,Senior Manager,A55
1834,Building 5,Mexico,BU4,Finance,Vice President,A30
1835,Building 5,Germany,BU3,Operations,Senior Manager,A45
1836,Building 2,UK,BU4,Customer Support,Senior Manager,A40
1837,Building 10,France,BU1,Customer Support,Lead Developer,A30
1838,Building 1,Brazil,BU6,HR,Vice President,A30
1839,Building 5,Mexico,BU2,Finance,Lead Developer,A40
1840,Building 6,Germany,BU5,Customer Support,Developer,A30
1841,Building 6,UK,BU1,Sales,Director,A35
1842,Building 2,France,BU4,Finance,Director,A30
1843,Building 10,Australia,BU2,Procurements,Developer,A55
1844,Building 3,Nigeria,BU6,Procurements,Senior Developer,A40
1845,Building 1,Nigeria,BU1,Procurements,Manager,A35
1846,Building 8,Japan,BU3,Procurements,Vice President,A35
1847,Building 8,Kenya,BU6,Finance,Manager,A50
1848,Building 5,Kenya,BU3,Finance,Lead Developer,A30
1849,Building 2,Argentina,BU1,Marketing,Lead Developer,A30
1850,Building 1,Mexico,BU4,Technology,Senior Manager,A35
1851,Building 7,Germany,BU1,Finance,Director,A55
1852,Building 6,Canada,BU5,Finance,Developer,A55
1853,Building 8,Nigeria,BU4,Marketing,Manager,A45
1854,Building 1,UK,BU2,Marketing,Senior Manager,A30
1855,Building 4,India,BU2,HR,Lead Developer,A30
1856,Building 7,South Africa,BU3,Procurements,Lead Developer,A55
1857,Building 4,Kenya,BU2,Sales,Vice President,A50
1858,Building 5,China,BU4,Operations,Manager,A30
1859,Building 8,Nigeria,BU3,Procurements,Manager,A45
1860,Building 5,India,BU4,HR,Developer,A35
1861,Building 1,Japan,BU6,Technology,Developer,A55
1862,Building 7,Brazil,BU5,IT,Director,A30
1863,Building 8,South Africa,BU6,Customer Support,Senior Manager,A50
1864,Building 4,South Africa,BU2,Finance,Vice President,A45
1865,Building 4,India,BU3,Operations,Director,A50
1866,Building 3,India,BU3,Technology,Lead Developer,A35
1867,Building 9,UK,BU6,Technology,Vice President,A55
1868,Building 3,Japan,BU2,IT,Senior Manager,A50
1869,Building 5,South Africa,BU3,IT,Senior Manager,A35
1870,Building 6,Mexico,BU5,Marketing,Senior Manager,A40
1871,Building 2,USA,BU3,Customer Support,Director,A30
1872,Building 2,Nigeria,BU6,Sales,Developer,A30
1873,Building 5,Nigeria,BU2,Technology,Developer,A40
1874,Building 5,South Africa,BU4,Operations,Lead Developer,A45
1875,Building 3,Australia,BU6,Finance,Vice President,A55
1876,Building 8,India,BU2,Operations,Senior Developer,A50
1877,Building 10,UK,BU6,IT,Senior Developer,A50
1878,Building 9,Mexico,BU3,Sales,Lead Developer,A30
1879,Building 9,USA,BU3,HR,Vice President,A50
1880,Building 10,Nigeria,BU4,HR,Director,A30
1881,Building 2,Germany,BU2,Procurements,Developer,A50
1882,Building 1,France,BU5,Finance,Lead Developer,A55
1883,Building 3,South Africa,BU6,Marketing,Lead Developer,A35
1884,Building 8,Nigeria,BU1,Marketing,Manager,A35
1885,Building 5,India,BU6,Operations,Senior Developer,A30
1886,Building 3,Mexico,BU1,Marketing,Lead Developer,A35
1887,Building 3,Brazil,BU6,Operations,Senior Manager,A45
1888,Building 6,Argentina,BU4,HR,Senior Manager,A40
1889,Building 5,Canada,BU3,Technology,Senior Developer,A55
1890,Building 9,Australia,BU3,Marketing,Lead Developer,A40
1891,Building 2,India,BU5,Procurements,Developer,A35
1892,Building 1,France,BU4,Technology,Manager,A50
1893,Building 8,France,BU4,Marketing,Senior Manager,A40
1894,Building 4,India,BU3,IT,Senior Manager,A40
1895,Building 1,India,BU1,IT,Lead Developer,A50
1896,Building 1,Australia,BU2,Marketing,Developer,A55
1897,Building 4,UK,BU3,Technology,Vice President,A35
1898,Building 10,Argentina,BU3,Finance,Director,A35
1899,Building 10,Argentina,BU5,Procurements,Director,A55
1900,Building 10,USA,BU5,IT,Senior Developer,A45
1901,Building 8,India,BU3,Marketing,Lead Developer,A30
1902,Building 9,India,BU5,IT,Vice President,A30
1903,Building 8,Mexico,BU3,Procurements,Director,A35
1904,Building 7,Kenya,BU2,Marketing,Director,A40
1905,Building 2,Canada,BU4,Technology,Vice President,A50
1906,Building 1,China,BU3,Sales,Manager,A50
1907,Building 7,India,BU2,Technology,Manager,A55
1908,Building 6,Brazil,BU1,Technology,Vice President,A45
1909,Building 10,Kenya,BU1,IT,Senior Developer,A35
1910,Building 5,Germany,BU6,Finance,Director,A35
1911,Building 2,Australia,BU4,Customer Support,Manager,A30
1912,Building 5,China,BU6,Marketing,Senior Developer,A30
1913,Building 7,Germany,BU6,HR,Senior Developer,A45
1914,Building 8,Canada,BU4,Finance,Manager,A40
1915,Building 2,Canada,BU6,HR,Senior Developer,A30
1916,Building 3,France,BU1,Finance,Vice President,A40
1917,Building 8,Japan,BU1,Procurements,Senior Developer,A35
1918,Building 8,Japan,BU5,Marketing,Manager,A55
1919,Building 6,Argentina,BU1,Procurements,Senior Developer,A55
1920,Building 3,Germany,BU1,Finance,Director,A55
1921,Building 5,South Africa,BU6,Finance,Senior Developer,A35
1922,Building 7,India,BU5,HR,Senior Developer,A55
1923,Building 4,Canada,BU2,Customer Support,Developer,A30
1924,Building 5,India,BU5,Sales,Vice President,A50
1925,Building 8,Germany,BU4,IT,Director,A30
1926,Building 5,India,BU2,Technology,Developer,A30
1927,Building 2,China,BU5,HR,Manager,A55
1928,Building 3,Nigeria,BU3,Operations,Developer,A35
1929,Building 10,Brazil,BU1,IT,Senior Developer,A50
1930,Building 8,Brazil,BU4,Operations,Vice President,A45
1931,Building 3,Australia,BU5,Technology,Vice President,A40
1932,Building 4,Nigeria,BU1,Sales,Lead Developer,A50
1933,Building 9,Germany,BU1,HR,Vice President,A55
1934,Building 4,France,BU4,Procurements,Manager,A30
1935,Building 2,Brazil,BU2,Technology,Vice President,A50
1936,Building 9,UK,BU6,IT,Senior Developer,A50
1937,Building 5,Kenya,BU1,Operations,Manager,A50
1938,Building 5,Argentina,BU3,Procurements,Manager,A45
1939,Building 7,India,BU6,Technology,Lead Developer,A50
1940,Building 1,Japan,BU6,Finance,Director,A35
1941,Building 7,Mexico,BU1,Procurements,Lead Developer,A45
1942,Building 1,Kenya,BU4,Procurements,Senior Developer,A30
1943,Building 6,USA,BU5,Marketing,Vice President,A45
1944,Building 3,Japan,BU3,Marketing,Director,A30
1945,Building 5,Japan,BU4,IT,Director,A50
1946,Building 1,Canada,BU3,Procurements,Manager,A50
1947,Building 9,China,BU6,Procurements,Vice President,A45
1948,Building 9,UK,BU3,Sales,Director,A50
1949,Building 2,Canada,BU3,IT,Director,A30
1950,Building 4,Mexico,BU2,HR,Senior Developer,A35
1951,Building 4,India,BU5,Finance,Lead Developer,A40
1952,Building 9,Canada,BU2,Technology,Lead Developer,A55
1953,Building 2,Canada,BU2,Operations,Senior Manager,A45
1954,Building 2,France,BU6,Sales,Senior Manager,A55
1955,Building 6,China,BU3,Operations,Director,A40
1956,Building 3,Brazil,BU6,HR,Developer,A40
1957,Building 4,Mexico,BU6,Operations,Senior Manager,A30
1958,Building 9,India,BU1,HR,Director,A30
1959,Building 4,Brazil,BU6,Finance,Developer,A45
1960,Building 7,France,BU6,HR,Developer,A30
1961,Building 4,Germany,BU5,Sales,Developer,A35
1962,Building 6,Canada,BU2,HR,Lead Developer,A40
1963,Building 5,Kenya,BU3,HR,Manager,A45
1964,Building 2,Argentina,BU6,HR,Director,A55
1965,Building 4,Germany,BU4,Procurements,Director,A30
1966,Building 1,Australia,BU1,Technology,Vice President,A40
1967,Building 3,Argentina,BU6,Operations,Lead Developer,A55
1968,Building 9,UK,BU5,Finance,Lead Developer,A55
1969,Building 2,South Africa,BU1,Sales,Senior Developer,A30
1970,Building 9,Mexico,BU3,Procurements,Lead Developer,A55
1971,Building 10,South Africa,BU3,Operations,Director,A35
1972,Building 5,France,BU4,Sales,Developer,A50
1973,Building 4,France,BU2,Technology,Developer,A45
1974,Building 1,Brazil,BU4,IT,Senior Developer,A40
1975,Building 4,South Africa,BU5,Technology,Director,A35
1976,Building 6,Nigeria,BU2,Finance,Manager,A35
1977,Building 5,South Africa,BU4,Marketing,Manager,A45
1978,Building 7,Canada,BU1,Sales,Lead Developer,A55
1979,Building 4,USA,BU3,Marketing,Lead Developer,A40
1980,Building 3,India,BU5,Finance,Senior Manager,A40
1981,Building 7,France,BU3,Marketing,Lead Developer,A55
1982,Building 9,Brazil,BU1,Operations,Senior Developer,A45
1983,Building 10,South Africa,BU1,Marketing,Senior Manager,A50
1984,Building 3,Japan,BU5,IT,Lead Developer,A30
1985,Building 4,USA,BU6,HR,Director,A50
1986,Building 6,Brazil,BU2,Procurements,Lead Developer,A55
1987,Building 9,Argentina,BU6,Marketing,Vice President,A30
1988,Building 10,Nigeria,BU4,IT,Vice President,A50
1989,Building 3,Canada,BU5,Customer Support,Lead Developer,A50
1990,Building 3,Japan,BU1,HR,Manager,A35
1991,Building 10,South Africa,BU4,Finance,Vice President,A50
1992,Building 8,Canada,BU5,Sales,Senior Manager,A50
1993,Building 3,Argentina,BU6,Operations,Developer,A50
1994,Building 1,Brazil,BU1,Customer Support,Lead Developer,A35
1995,Building 2,France,BU2,IT,Director,A40
1996,Building 4,South Africa,BU6,Sales,Developer,A40
1997,Building 10,Argentina,BU2,Marketing,Senior Manager,A30
1998,Building 9,Japan,BU1,Marketing,Developer,A45
1999,Building 2,Kenya,BU2,Procurements,Manager,A55
2000,Building 8,Mexico,BU6,Sales,Vice President,A30
